[{"model": "backend.skill", "pk": 1, "fields": {"category": null, "name": "Leadership & Management", "description": "Leadership & Management", "type": "C"}}, {"model": "backend.skill", "pk": 2, "fields": {"category": null, "name": "Personality skills", "description": "Personality skills", "type": "C"}}, {"model": "backend.skill", "pk": 3, "fields": {"category": null, "name": "Communication", "description": "Communication", "type": "C"}}, {"model": "backend.skill", "pk": 4, "fields": {"category": null, "name": "Analysis & Research", "description": "Analysis & Research", "type": "C"}}, {"model": "backend.skill", "pk": 5, "fields": {"category": null, "name": "Technical & Knowledge Skills", "description": "Technical & Knowledge Skills", "type": "C"}}, {"model": "backend.skill", "pk": 6, "fields": {"category": 1, "name": "Motivation", "description": "How good are you at motivating other people?", "type": "L"}}, {"model": "backend.skill", "pk": 7, "fields": {"category": 1, "name": "Public speaking", "description": "How good are you at public speaking?", "type": "L"}}, {"model": "backend.skill", "pk": 8, "fields": {"category": 1, "name": "Self-awareness", "description": "How would you postion the level of your self awareness?", "type": "L"}}, {"model": "backend.skill", "pk": 9, "fields": {"category": 2, "name": "Willing to learn", "description": "How would you rate your ability to learn?", "type": "L"}}, {"model": "backend.skill", "pk": 10, "fields": {"category": 2, "name": "Flexibility", "description": "How adaptable are you?", "type": "L"}}, {"model": "backend.skill", "pk": 11, "fields": {"category": 2, "name": "Independent", "description": "How independent are you?", "type": "L"}}, {"model": "backend.skill", "pk": 12, "fields": {"category": 2, "name": "Discipline", "description": "How would you rate your discipline skills?", "type": "L"}}, {"model": "backend.skill", "pk": 13, "fields": {"category": 2, "name": "Creativity", "description": "How creative are you?", "type": "L"}}, {"model": "backend.skill", "pk": 14, "fields": {"category": 2, "name": "Organization", "description": "How well are you organized?", "type": "L"}}, {"model": "backend.skill", "pk": 15, "fields": {"category": 2, "name": "Positivity", "description": "How positive are you?", "type": "L"}}, {"model": "backend.skill", "pk": 16, "fields": {"category": 2, "name": "Imagination", "description": "How good is your imagination?", "type": "L"}}, {"model": "backend.skill", "pk": 17, "fields": {"category": 2, "name": "Punctual", "description": "How punctual are you?", "type": "L"}}, {"model": "backend.skill", "pk": 18, "fields": {"category": 3, "name": "Body Language", "description": "How good are you in managing your body language?", "type": "L"}}, {"model": "backend.skill", "pk": 19, "fields": {"category": 3, "name": "Networking", "description": "Now good are you at networking?", "type": "L"}}, {"model": "backend.skill", "pk": 20, "fields": {"category": 3, "name": "Accepting criticism", "description": "How well do you accept critic?", "type": "L"}}, {"model": "backend.skill", "pk": 21, "fields": {"category": 3, "name": "Teamworker", "description": "How good are you at teamwork?", "type": "L"}}, {"model": "backend.skill", "pk": 22, "fields": {"category": 3, "name": "Listening", "description": "Are you a good listener?", "type": "L"}}, {"model": "backend.skill", "pk": 23, "fields": {"category": 3, "name": "Helpful", "description": "How helpful are you?", "type": "L"}}, {"model": "backend.skill", "pk": 24, "fields": {"category": 3, "name": "Loyal to differences", "description": "Do you embrace diversity?", "type": "L"}}, {"model": "backend.skill", "pk": 25, "fields": {"category": 3, "name": "Languages", "description": "", "type": "C"}}, {"model": "backend.skill", "pk": 26, "fields": {"category": 25, "name": "Arabic", "description": "", "type": "L"}}, {"model": "backend.skill", "pk": 27, "fields": {"category": 25, "name": "Bengali", "description": "", "type": "L"}}, {"model": "backend.skill", "pk": 28, "fields": {"category": 25, "name": "Chinese", "description": "", "type": "L"}}, {"model": "backend.skill", "pk": 29, "fields": {"category": 25, "name": "English", "description": "", "type": "L"}}, {"model": "backend.skill", "pk": 30, "fields": {"category": 25, "name": "French", "description": "", "type": "L"}}, {"model": "backend.skill", "pk": 31, "fields": {"category": 25, "name": "German", "description": "", "type": "L"}}, {"model": "backend.skill", "pk": 32, "fields": {"category": 25, "name": "Hindi", "description": "", "type": "L"}}, {"model": "backend.skill", "pk": 33, "fields": {"category": 25, "name": "Italian", "description": "", "type": "L"}}, {"model": "backend.skill", "pk": 34, "fields": {"category": 25, "name": "Japanese", "description": "", "type": "L"}}, {"model": "backend.skill", "pk": 35, "fields": {"category": 25, "name": "Korean", "description": "", "type": "L"}}, {"model": "backend.skill", "pk": 36, "fields": {"category": 25, "name": "Portuguese", "description": "", "type": "L"}}, {"model": "backend.skill", "pk": 37, "fields": {"category": 25, "name": "Punjabi", "description": "", "type": "L"}}, {"model": "backend.skill", "pk": 38, "fields": {"category": 25, "name": "Russian", "description": "", "type": "L"}}, {"model": "backend.skill", "pk": 39, "fields": {"category": 25, "name": "Spanish", "description": "", "type": "L"}}, {"model": "backend.skill", "pk": 40, "fields": {"category": 25, "name": "Turkish", "description": "", "type": "L"}}, {"model": "backend.skill", "pk": 41, "fields": {"category": 25, "name": "Vietnamese", "description": "", "type": "L"}}, {"model": "backend.skill", "pk": 42, "fields": {"category": 4, "name": "Mathematics", "description": "How good are you at math?", "type": "L"}}, {"model": "backend.skill", "pk": 43, "fields": {"category": 4, "name": "Conceptual thinking", "description": "How well is your conceptual thinking developed?", "type": "L"}}, {"model": "backend.skill", "pk": 44, "fields": {"category": 4, "name": "Critical thinking", "description": "How well is your critical thinking developed?", "type": "L"}}, {"model": "backend.skill", "pk": 45, "fields": {"category": 4, "name": "Speedreading", "description": "How fast do you read?", "type": "L"}}, {"model": "backend.skill", "pk": 46, "fields": {"category": 4, "name": "Information search", "description": "How good are you at information search?", "type": "L"}}, {"model": "backend.skill", "pk": 47, "fields": {"category": 4, "name": "Logic", "description": "How good are you at logic?", "type": "L"}}, {"model": "backend.skill", "pk": 48, "fields": {"category": 5, "name": "Computer Science", "description": "", "type": "C"}}, {"model": "backend.skill", "pk": 49, "fields": {"category": 48, "name": "Operating Systems", "description": "", "type": "C"}}, {"model": "backend.skill", "pk": 50, "fields": {"category": 48, "name": "Programming languages", "description": "", "type": "C"}}, {"model": "backend.skill", "pk": 51, "fields": {"category": 48, "name": "Frameworks", "description": "", "type": "C"}}, {"model": "backend.skill", "pk": 52, "fields": {"category": 51, "name": "Mobile development", "description": "", "type": "C"}}, {"model": "backend.skill", "pk": 53, "fields": {"category": 51, "name": "Web development", "description": "", "type": "C"}}, {"model": "backend.skill", "pk": 54, "fields": {"category": 52, "name": "Android", "description": "", "type": "L"}}, {"model": "backend.skill", "pk": 55, "fields": {"category": 52, "name": "iOS", "description": "", "type": "L"}}, {"model": "backend.skill", "pk": 56, "fields": {"category": 52, "name": "React", "description": "", "type": "L"}}, {"model": "backend.skill", "pk": 57, "fields": {"category": 52, "name": "Xamarin", "description": "", "type": "L"}}, {"model": "backend.skill", "pk": 58, "fields": {"category": 53, "name": ".NET", "description": "", "type": "L"}}, {"model": "backend.skill", "pk": 59, "fields": {"category": 53, "name": "Django", "description": "", "type": "L"}}, {"model": "backend.skill", "pk": 60, "fields": {"category": 49, "name": "FreeBSD", "description": "", "type": "L"}}, {"model": "backend.skill", "pk": 61, "fields": {"category": 49, "name": "Linux", "description": "", "type": "L"}}, {"model": "backend.skill", "pk": 62, "fields": {"category": 49, "name": "Solaris", "description": "", "type": "L"}}, {"model": "backend.skill", "pk": 63, "fields": {"category": 49, "name": "Microsoft Windows", "description": "", "type": "L"}}, {"model": "backend.skill", "pk": 64, "fields": {"category": 50, "name": "C", "description": "", "type": "L"}}, {"model": "backend.skill", "pk": 65, "fields": {"category": 50, "name": "C++", "description": "", "type": "L"}}, {"model": "backend.skill", "pk": 66, "fields": {"category": 50, "name": "Python", "description": "", "type": "L"}}, {"model": "backend.skill", "pk": 67, "fields": {"category": 50, "name": "Java", "description": "", "type": "L"}}, {"model": "backend.skill", "pk": 68, "fields": {"category": 50, "name": "Perl", "description": "", "type": "L"}}, {"model": "backend.skill", "pk": 69, "fields": {"category": 50, "name": "Pascal", "description": "", "type": "L"}}, {"model": "backend.skill", "pk": 70, "fields": {"category": 50, "name": "Prolog", "description": "", "type": "L"}}, {"model": "backend.skill", "pk": 71, "fields": {"category": 50, "name": "C#", "description": "", "type": "L"}}, {"model": "backend.skill", "pk": 72, "fields": {"category": 50, "name": "Scala", "description": "", "type": "L"}}, {"model": "backend.skill", "pk": 73, "fields": {"category": 50, "name": "SQL", "description": "", "type": "L"}}, {"model": "backend.skill", "pk": 74, "fields": {"category": 50, "name": "R", "description": "", "type": "L"}}, {"model": "backend.skill", "pk": 75, "fields": {"category": 50, "name": "SWIFT", "description": "", "type": "L"}}, {"model": "backend.skill", "pk": 76, "fields": {"category": 5, "name": "Mining", "description": "", "type": "C"}}, {"model": "backend.skill", "pk": 77, "fields": {"category": 76, "name": "Oil", "description": "", "type": "L"}}, {"model": "backend.skill", "pk": 78, "fields": {"category": 76, "name": "Gas", "description": "", "type": "L"}}, {"model": "backend.skill", "pk": 79, "fields": {"category": 76, "name": "Coal", "description": "", "type": "L"}}, {"model": "backend.skill", "pk": 80, "fields": {"category": 76, "name": "Lithium", "description": "", "type": "L"}}, {"model": "backend.skill", "pk": 81, "fields": {"category": 76, "name": "Gold", "description": "", "type": "L"}}, {"model": "backend.skill", "pk": 82, "fields": {"category": 76, "name": "Copper", "description": "", "type": "L"}}, {"model": "backend.skill", "pk": 83, "fields": {"category": 76, "name": "Iron", "description": "", "type": "L"}}, {"model": "backend.skill", "pk": 84, "fields": {"category": 5, "name": "Construction", "description": "", "type": "C"}}, {"model": "backend.skill", "pk": 85, "fields": {"category": 84, "name": "Architecture", "description": "", "type": "L"}}, {"model": "backend.skill", "pk": 86, "fields": {"category": 84, "name": "Design", "description": "", "type": "L"}}, {"model": "backend.skill", "pk": 87, "fields": {"category": 84, "name": "Engineering", "description": "", "type": "L"}}, {"model": "backend.skill", "pk": 88, "fields": {"category": 84, "name": "Building worker", "description": "", "type": "L"}}, {"model": "backend.skill", "pk": 89, "fields": {"category": 84, "name": "Project planning", "description": "", "type": "L"}}, {"model": "backend.skill", "pk": 90, "fields": {"category": 5, "name": "Design", "description": "", "type": "C"}}, {"model": "backend.skill", "pk": 91, "fields": {"category": 90, "name": "Art", "description": "", "type": "L"}}, {"model": "backend.skill", "pk": 92, "fields": {"category": 90, "name": "3D", "description": "", "type": "L"}}, {"model": "backend.skill", "pk": 93, "fields": {"category": 90, "name": "Video", "description": "", "type": "L"}}, {"model": "backend.skill", "pk": 94, "fields": {"category": 90, "name": "Fashion", "description": "", "type": "L"}}, {"model": "backend.skill", "pk": 95, "fields": {"category": 90, "name": "VR", "description": "", "type": "L"}}, {"model": "backend.skill", "pk": 96, "fields": {"category": 5, "name": "Marketing", "description": "", "type": "C"}}, {"model": "backend.skill", "pk": 97, "fields": {"category": 96, "name": "PR", "description": "", "type": "L"}}, {"model": "backend.skill", "pk": 98, "fields": {"category": 96, "name": "Digital Marketing", "description": "", "type": "L"}}, {"model": "backend.skill", "pk": 99, "fields": {"category": 96, "name": "Operational marketing", "description": "", "type": "L"}}, {"model": "backend.skill", "pk": 100, "fields": {"category": 96, "name": "Copywriting", "description": "", "type": "L"}}, {"model": "backend.skill", "pk": 101, "fields": {"category": 96, "name": "TV commercials management", "description": "", "type": "L"}}, {"model": "backend.skill", "pk": 102, "fields": {"category": 5, "name": "Chef", "description": "", "type": "L"}}, {"model": "backend.skill", "pk": 103, "fields": {"category": 5, "name": "Healthcare", "description": "", "type": "L"}}, {"model": "backend.skill", "pk": 104, "fields": {"category": 5, "name": "Agriculture", "description": "", "type": "L"}}, {"model": "backend.skill", "pk": 105, "fields": {"category": 5, "name": "Chemistry", "description": "", "type": "L"}}, {"model": "backend.skill", "pk": 106, "fields": {"category": 5, "name": "Aerospace", "description": "", "type": "L"}}, {"model": "backend.skill", "pk": 107, "fields": {"category": 5, "name": "Military", "description": "", "type": "L"}}, {"model": "backend.skill", "pk": 108, "fields": {"category": 5, "name": "Education", "description": "", "type": "L"}}, {"model": "backend.skill", "pk": 109, "fields": {"category": 5, "name": "Energy", "description": "", "type": "L"}}, {"model": "backend.skill", "pk": 110, "fields": {"category": 5, "name": "Entertainment", "description": "", "type": "L"}}, {"model": "backend.skill", "pk": 111, "fields": {"category": 5, "name": "Financial Services", "description": "", "type": "L"}}, {"model": "backend.skill", "pk": 112, "fields": {"category": 5, "name": "Food", "description": "", "type": "L"}}, {"model": "backend.skill", "pk": 113, "fields": {"category": 5, "name": "Hospitality", "description": "", "type": "L"}}, {"model": "backend.skill", "pk": 114, "fields": {"category": 5, "name": "Media", "description": "", "type": "L"}}, {"model": "backend.skill", "pk": 115, "fields": {"category": 5, "name": "Manufacturing", "description": "", "type": "L"}}, {"model": "backend.skill", "pk": 116, "fields": {"category": 5, "name": "Telecommunication", "description": "", "type": "L"}}, {"model": "backend.skill", "pk": 117, "fields": {"category": 5, "name": "Transport", "description": "", "type": "L"}}, {"model": "backend.skill", "pk": 118, "fields": {"category": 5, "name": "Water", "description": "", "type": "L"}}, {"model": "backend.skill", "pk": 119, "fields": {"category": 5, "name": "Direct Selling", "description": "", "type": "L"}}, {"model": "backend.ssuser", "pk": 1, "fields": {"password": "pbkdf2_sha256$100000$HTLib04GtEu7$Xfcic7UYDpKmsNc8w3gC7OiH8ixQmUkdlUDmMJxxrMM=", "last_login": "2018-10-17T23:24:07.882Z", "email": "m.monroe@example.com", "phone": "02-4444-5555", "role": "C", "is_active": true, "is_superuser": false, "is_staff": false, "first_name": "Marilyn", "last_name": "Monroe", "city": "Sydney", "date_joined": "2018-10-15", "groups": [], "user_permissions": []}}, {"model": "backend.ssuser", "pk": 2, "fields": {"password": "pbkdf2_sha256$100000$CoBWbx5VTkdQ$QpRWzY/CX6Z4B+dk9gobqQ4W8QJx/HW9BnSnv6U4z4w=", "last_login": "2018-10-18T00:20:32.458Z", "email": "m.smart@example.com", "phone": "02-3333-6666", "role": "E", "is_active": true, "is_superuser": false, "is_staff": false, "first_name": "Maxwell", "last_name": "Smart", "city": "Sydney", "date_joined": "2018-10-15", "groups": [], "user_permissions": []}}, {"model": "backend.ssuser", "pk": 3, "fields": {"password": "pbkdf2_sha256$100000$sR5ItTRa7rcf$pRFfZ7ZJTDDzA8vgMiq2eT2NKYdalyT0DOp4fFV9Wqg=", "last_login": "2018-10-18T00:20:59.069Z", "email": "e.idle@example.com", "phone": "02-1234-5678", "role": "R", "is_active": true, "is_superuser": false, "is_staff": false, "first_name": "Eric", "last_name": "Idle", "city": "Sydney", "date_joined": "2018-10-15", "groups": [], "user_permissions": []}}, {"model": "backend.ssuser", "pk": 4, "fields": {"password": "pbkdf2_sha256$100000$nnOeeJdZhSAm$IZb4vt9aSnGOsukv/ZOozBbpcsXC1rRI7M44s9bhaOE=", "last_login": "2018-10-18T00:19:00.161Z", "email": "j.dean@example.com", "phone": "02-3456-7890", "role": "C", "is_active": true, "is_superuser": false, "is_staff": false, "first_name": "James", "last_name": "Dean", "city": "Gosford", "date_joined": "2018-10-15", "groups": [], "user_permissions": []}}, {"model": "backend.ssuser", "pk": 5, "fields": {"password": "pbkdf2_sha256$100000$MRlGImFewsKr$gqlKpcA/fmJB9S/UhGlHE/aAjM+kA9I1IGDg2yW3XBw=", "last_login": "2018-10-18T00:16:35.967Z", "email": "b.fawlty@example.com", "phone": "02-5555-6666", "role": "C", "is_active": true, "is_superuser": false, "is_staff": false, "first_name": "Basil", "last_name": "Fawlty", "city": "Gosford", "date_joined": "2018-10-15", "groups": [], "user_permissions": []}}, {"model": "backend.ssuser", "pk": 6, "fields": {"password": "pbkdf2_sha256$100000$Z3TiYYFpbpyM$6OT7XU1ymaYPdqOvypDHYIlWolS9LK/wkuNx7PgwcAs=", "last_login": "2018-10-18T00:00:31.643Z", "email": "n.kelly@example.com", "phone": "02-8899-7766", "role": "E", "is_active": true, "is_superuser": false, "is_staff": false, "first_name": "Ned", "last_name": "Kelly", "city": "Gosford", "date_joined": "2018-10-15", "groups": [], "user_permissions": []}}, {"model": "backend.ssuser", "pk": 7, "fields": {"password": "pbkdf2_sha256$100000$xIsF8Xf8egLO$CJLdJtijUmZv0e67c7JN2fG+lsmtv/2qhoaBUN7jda8=", "last_login": "2018-10-18T00:17:13.529Z", "email": "j.nerd@example.com", "phone": "02-4586-9118", "role": "E", "is_active": true, "is_superuser": false, "is_staff": false, "first_name": "Jane", "last_name": "Nerd", "city": "Sydney", "date_joined": "2018-10-15", "groups": [], "user_permissions": []}}, {"model": "backend.ssuser", "pk": 8, "fields": {"password": "pbkdf2_sha256$100000$xogDSkPe9v4f$nnkQ1bE0eEcligpyHv4chURX4f2Z90ADLJc8VXYQBAQ=", "last_login": "2018-10-15T20:24:43.138Z", "email": "e.knerd@example.com", "phone": "02-1234-4321", "role": "C", "is_active": true, "is_superuser": false, "is_staff": false, "first_name": "Edward", "last_name": "Knerd", "city": "Gosford", "date_joined": "2018-10-15", "groups": [], "user_permissions": []}}, {"model": "backend.ssuser", "pk": 9, "fields": {"password": "pbkdf2_sha256$100000$52w8tYuPA9g7$DHw9R16mWXMJNcgJ63WHYCw5OIjUSVhnNvG0mfFPqwI=", "last_login": "2018-10-17T23:57:23.352Z", "email": "j.bond@example.com", "phone": "02-5550-7822", "role": "C", "is_active": true, "is_superuser": false, "is_staff": false, "first_name": "James", "last_name": "Bond", "city": "Gosford", "date_joined": "2018-10-15", "groups": [], "user_permissions": []}}, {"model": "backend.ssuser", "pk": 10, "fields": {"password": "pbkdf2_sha256$100000$FqJly57Uwspb$gtfAmEf9ZH1jaVJV5gWjLqvxl95/72znn1he7p5yvaA=", "last_login": "2018-10-16T02:04:04.401Z", "email": "j.smith@example.com", "phone": "02-5551-2345", "role": "R", "is_active": true, "is_superuser": false, "is_staff": false, "first_name": "John", "last_name": "Smith", "city": "Gosford", "date_joined": "2018-10-15", "groups": [], "user_permissions": []}}, {"model": "backend.ssuser", "pk": 11, "fields": {"password": "pbkdf2_sha256$100000$LeL4bY0y3Cg6$63VwYPif84uVsNT8uJhgWB2CeDlh6BQLNNZlKOn5va8=", "last_login": "2018-10-17T23:51:53.759Z", "email": "m.jones@example.com", "phone": "02-5556-7890", "role": "C", "is_active": true, "is_superuser": false, "is_staff": false, "first_name": "Michael", "last_name": "Jones", "city": "Gosford", "date_joined": "2018-10-15", "groups": [], "user_permissions": []}}, {"model": "backend.ssuser", "pk": 12, "fields": {"password": "pbkdf2_sha256$100000$2ipvJczCU6zG$/rT4Jqjb++klA6GhEnQp7UdPW/qMuaaBIkWJ7CgkbYE=", "last_login": "2018-10-15T21:35:02.383Z", "email": "m.kelly@example.com", "phone": "02-5550-8765", "role": "C", "is_active": true, "is_superuser": false, "is_staff": false, "first_name": "Mary", "last_name": "Kelly", "city": "Sydney", "date_joined": "2018-10-15", "groups": [], "user_permissions": []}}, {"model": "backend.ssuser", "pk": 13, "fields": {"password": "pbkdf2_sha256$100000$v2oeQxPZHHiC$TAynNKcpeyNEETTOZc89E2XTU+YRa7PSmdrgcy1W998=", "last_login": "2018-10-17T23:50:00.148Z", "email": "s.jones@example.com", "phone": "02-5559-7482", "role": "C", "is_active": true, "is_superuser": false, "is_staff": false, "first_name": "Susan", "last_name": "Jones", "city": "Sydney", "date_joined": "2018-10-15", "groups": [], "user_permissions": []}}, {"model": "backend.candidate", "pk": 1, "fields": {"date_of_birth": "1980-04-23", "gender": "F", "highest_education": 5, "looking_for_work": true, "minimum_salary": "60000", "photo": "marilyn.jpg"}}, {"model": "backend.candidate", "pk": 4, "fields": {"date_of_birth": "1985-10-10", "gender": "M", "highest_education": 5, "looking_for_work": true, "minimum_salary": "95000", "photo": "james-dean.jpg"}}, {"model": "backend.candidate", "pk": 5, "fields": {"date_of_birth": "1975-10-15", "gender": "M", "highest_education": 8, "looking_for_work": true, "minimum_salary": "90000", "photo": "fawlty.jpeg"}}, {"model": "backend.candidate", "pk": 8, "fields": {"date_of_birth": "1978-04-09", "gender": "M", "highest_education": 4, "looking_for_work": true, "minimum_salary": "0", "photo": "nerd.jpg"}}, {"model": "backend.candidate", "pk": 9, "fields": {"date_of_birth": "1960-01-12", "gender": "M", "highest_education": 8, "looking_for_work": true, "minimum_salary": "100000", "photo": "James_Bond.jpg"}}, {"model": "backend.candidate", "pk": 11, "fields": {"date_of_birth": "1990-07-30", "gender": "N", "highest_education": 5, "looking_for_work": true, "minimum_salary": "80000", "photo": "clown.jpg"}}, {"model": "backend.candidate", "pk": 12, "fields": {"date_of_birth": "1985-08-15", "gender": "F", "highest_education": 1, "looking_for_work": true, "minimum_salary": "0", "photo": "mary.jpeg"}}, {"model": "backend.candidate", "pk": 13, "fields": {"date_of_birth": "1978-02-11", "gender": "F", "highest_education": 9, "looking_for_work": true, "minimum_salary": "0", "photo": ""}}, {"model": "backend.employer", "pk": 2, "fields": {"company": "Smart Systems Pty. Ltd.", "website": "www.smart-systems.com.au", "photo": "maxwell-smart.jpeg"}}, {"model": "backend.employer", "pk": 6, "fields": {"company": "Kelly & Company Pty Lty", "website": "www.kelly-and-co.com.au", "photo": "Ned-Kelly.jpg"}}, {"model": "backend.employer", "pk": 7, "fields": {"company": "Ponzi Financial Services", "website": "www.ponzi-financial.com.au", "photo": "nerd-girl.jpeg"}}, {"model": "backend.recruiter", "pk": 3, "fields": {"company": "Idle Stuff Pty. Ltd.", "website": "www.idle-stuff.com", "photo": "eric_Idle.jpeg"}}, {"model": "backend.recruiter", "pk": 10, "fields": {"company": "Skillful Recruiters Pty. Ld.", "website": "www.skillful-recruiters.com.au", "photo": "evil-clown-mask.jpg"}}, {"model": "backend.document", "pk": 1, "fields": {"candidate": 1, "filename": "monroe_cv.txt", "type": "C", "description": "My CV", "date_uploaded": "2018-10-15"}}, {"model": "backend.document", "pk": 2, "fields": {"candidate": 1, "filename": "monroe_reference.txt", "type": "R", "description": "Reference from previous job.", "date_uploaded": "2018-10-15"}}, {"model": "backend.document", "pk": 3, "fields": {"candidate": 1, "filename": "monroe_transcript.txt", "type": "T", "description": "UNSW transcript", "date_uploaded": "2018-10-15"}}, {"model": "backend.document", "pk": 4, "fields": {"candidate": 9, "filename": "my_cv.txt", "type": "C", "description": "My CV", "date_uploaded": "2018-10-15"}}, {"model": "backend.document", "pk": 5, "fields": {"candidate": 11, "filename": "my_cv.txt", "type": "C", "description": "CV", "date_uploaded": "2018-10-15"}}, {"model": "backend.document", "pk": 6, "fields": {"candidate": 11, "filename": "my_reference.txt", "type": "R", "description": "Reference from previous boss", "date_uploaded": "2018-10-15"}}, {"model": "backend.document", "pk": 7, "fields": {"candidate": 11, "filename": "my_transcript.txt", "type": "T", "description": "University Transcript", "date_uploaded": "2018-10-15"}}, {"model": "backend.candidateskill", "pk": 1, "fields": {"candidate": 1, "skill": 61, "proficiency": 3, "months_experience": 0, "evidence": []}}, {"model": "backend.candidateskill", "pk": 2, "fields": {"candidate": 1, "skill": 60, "proficiency": 1, "months_experience": 0, "evidence": []}}, {"model": "backend.candidateskill", "pk": 3, "fields": {"candidate": 1, "skill": 65, "proficiency": 5, "months_experience": 0, "evidence": []}}, {"model": "backend.candidateskill", "pk": 4, "fields": {"candidate": 1, "skill": 71, "proficiency": 1, "months_experience": 0, "evidence": [1, 2]}}, {"model": "backend.candidateskill", "pk": 5, "fields": {"candidate": 5, "skill": 54, "proficiency": 4, "months_experience": 24, "evidence": []}}, {"model": "backend.candidateskill", "pk": 6, "fields": {"candidate": 5, "skill": 67, "proficiency": 5, "months_experience": 120, "evidence": []}}, {"model": "backend.candidateskill", "pk": 7, "fields": {"candidate": 5, "skill": 66, "proficiency": 5, "months_experience": 84, "evidence": []}}, {"model": "backend.candidateskill", "pk": 8, "fields": {"candidate": 5, "skill": 55, "proficiency": 3, "months_experience": 18, "evidence": []}}, {"model": "backend.candidateskill", "pk": 9, "fields": {"candidate": 8, "skill": 65, "proficiency": 5, "months_experience": 120, "evidence": []}}, {"model": "backend.candidateskill", "pk": 10, "fields": {"candidate": 8, "skill": 68, "proficiency": 3, "months_experience": 60, "evidence": []}}, {"model": "backend.candidateskill", "pk": 11, "fields": {"candidate": 8, "skill": 63, "proficiency": 4, "months_experience": 96, "evidence": []}}, {"model": "backend.candidateskill", "pk": 12, "fields": {"candidate": 8, "skill": 60, "proficiency": 5, "months_experience": 60, "evidence": []}}, {"model": "backend.candidateskill", "pk": 13, "fields": {"candidate": 8, "skill": 66, "proficiency": 4, "months_experience": 36, "evidence": []}}, {"model": "backend.candidateskill", "pk": 14, "fields": {"candidate": 8, "skill": 61, "proficiency": 5, "months_experience": 72, "evidence": []}}, {"model": "backend.candidateskill", "pk": 15, "fields": {"candidate": 9, "skill": 85, "proficiency": 5, "months_experience": 240, "evidence": [4]}}, {"model": "backend.candidateskill", "pk": 16, "fields": {"candidate": 9, "skill": 89, "proficiency": 5, "months_experience": 144, "evidence": []}}, {"model": "backend.candidateskill", "pk": 17, "fields": {"candidate": 9, "skill": 38, "proficiency": 4, "months_experience": 180, "evidence": []}}, {"model": "backend.candidateskill", "pk": 18, "fields": {"candidate": 11, "skill": 65, "proficiency": 5, "months_experience": 120, "evidence": [6]}}, {"model": "backend.candidateskill", "pk": 19, "fields": {"candidate": 11, "skill": 67, "proficiency": 3, "months_experience": 84, "evidence": [5, 6]}}, {"model": "backend.candidateskill", "pk": 20, "fields": {"candidate": 11, "skill": 63, "proficiency": 4, "months_experience": 120, "evidence": [5, 6, 7]}}, {"model": "backend.candidateskill", "pk": 21, "fields": {"candidate": 11, "skill": 71, "proficiency": 5, "months_experience": 96, "evidence": [6]}}, {"model": "backend.candidateskill", "pk": 22, "fields": {"candidate": 9, "skill": 66, "proficiency": 5, "months_experience": 60, "evidence": []}}, {"model": "backend.candidateskill", "pk": 23, "fields": {"candidate": 4, "skill": 63, "proficiency": 3, "months_experience": 84, "evidence": []}}, {"model": "backend.candidateskill", "pk": 24, "fields": {"candidate": 4, "skill": 61, "proficiency": 5, "months_experience": 48, "evidence": []}}, {"model": "backend.candidateskill", "pk": 25, "fields": {"candidate": 4, "skill": 66, "proficiency": 5, "months_experience": 120, "evidence": []}}, {"model": "backend.candidateskill", "pk": 26, "fields": {"candidate": 4, "skill": 65, "proficiency": 5, "months_experience": 60, "evidence": []}}, {"model": "backend.candidateskill", "pk": 31, "fields": {"candidate": 5, "skill": 61, "proficiency": 4, "months_experience": 0, "evidence": []}}, {"model": "backend.candidateskill", "pk": 32, "fields": {"candidate": 5, "skill": 63, "proficiency": 4, "months_experience": 0, "evidence": []}}, {"model": "backend.candidateskill", "pk": 33, "fields": {"candidate": 13, "skill": 33, "proficiency": 5, "months_experience": 252, "evidence": []}}, {"model": "backend.candidateskill", "pk": 34, "fields": {"candidate": 13, "skill": 65, "proficiency": 5, "months_experience": 120, "evidence": []}}, {"model": "backend.candidateskill", "pk": 35, "fields": {"candidate": 13, "skill": 63, "proficiency": 3, "months_experience": 60, "evidence": []}}, {"model": "backend.candidateskill", "pk": 36, "fields": {"candidate": 13, "skill": 61, "proficiency": 4, "months_experience": 60, "evidence": []}}, {"model": "backend.candidateskill", "pk": 37, "fields": {"candidate": 13, "skill": 67, "proficiency": 5, "months_experience": 60, "evidence": []}}, {"model": "backend.candidateskill", "pk": 38, "fields": {"candidate": 11, "skill": 61, "proficiency": 3, "months_experience": 60, "evidence": []}}, {"model": "backend.candidateskill", "pk": 39, "fields": {"candidate": 11, "skill": 66, "proficiency": 5, "months_experience": 60, "evidence": []}}, {"model": "backend.candidateskill", "pk": 40, "fields": {"candidate": 9, "skill": 64, "proficiency": 5, "months_experience": 120, "evidence": []}}, {"model": "backend.candidateskill", "pk": 41, "fields": {"candidate": 9, "skill": 62, "proficiency": 5, "months_experience": 120, "evidence": []}}, {"model": "backend.candidateskill", "pk": 42, "fields": {"candidate": 9, "skill": 68, "proficiency": 4, "months_experience": 60, "evidence": []}}, {"model": "backend.candidateskill", "pk": 43, "fields": {"candidate": 9, "skill": 63, "proficiency": 5, "months_experience": 120, "evidence": []}}, {"model": "backend.candidateskill", "pk": 44, "fields": {"candidate": 5, "skill": 68, "proficiency": 4, "months_experience": 96, "evidence": []}}, {"model": "backend.candidateskill", "pk": 45, "fields": {"candidate": 4, "skill": 60, "proficiency": 3, "months_experience": 60, "evidence": []}}, {"model": "backend.jobpost", "pk": 1, "fields": {"name": "Senior Java Developer", "description": "Financial System Backend", "city": "Sydney", "required_education": 5, "contact_person": 2, "pay_type": "Y", "pay": "120000.00", "equiv_annual_salary": "120000", "date_posted": "2018-10-15", "state": "L", "hired_person": null}}, {"model": "backend.jobpost", "pk": 2, "fields": {"name": "Senior C++ Developer", "description": "Game development", "city": "Sydney", "required_education": 5, "contact_person": 2, "pay_type": "Y", "pay": "140000.00", "equiv_annual_salary": "140000", "date_posted": "2018-10-15", "state": "L", "hired_person": null}}, {"model": "backend.jobpost", "pk": 3, "fields": {"name": "Junior C++ Developer", "description": "Game development", "city": "Sydney", "required_education": 5, "contact_person": 2, "pay_type": "Y", "pay": "80000.00", "equiv_annual_salary": "80000", "date_posted": "2018-10-15", "state": "L", "hired_person": null}}, {"model": "backend.jobpost", "pk": 4, "fields": {"name": "Python Developer", "description": "Boring financial company", "city": "Gosford", "required_education": 5, "contact_person": 2, "pay_type": "Y", "pay": "80000.00", "equiv_annual_salary": "80000", "date_posted": "2018-10-15", "state": "L", "hired_person": null}}, {"model": "backend.jobpost", "pk": 5, "fields": {"name": "Accountant", "description": "We need a creative accountant with flexible ethics", "city": "Sydney", "required_education": 5, "contact_person": 7, "pay_type": "Y", "pay": "140000.00", "equiv_annual_salary": "140000", "date_posted": "2018-10-15", "state": "L", "hired_person": null}}, {"model": "backend.jobpost", "pk": 6, "fields": {"name": "Network Administrator", "description": "Manage a Microsoft Windows network", "city": "Gosford", "required_education": 4, "contact_person": 7, "pay_type": "Y", "pay": "120000.00", "equiv_annual_salary": "120000", "date_posted": "2018-10-15", "state": "L", "hired_person": null}}, {"model": "backend.jobpost", "pk": 7, "fields": {"name": "Python Developer", "description": "Developer with finance industry experience", "city": "Gosford", "required_education": 4, "contact_person": 7, "pay_type": "Y", "pay": "105000.00", "equiv_annual_salary": "105000", "date_posted": "2018-10-15", "state": "L", "hired_person": null}}, {"model": "backend.jobpost", "pk": 8, "fields": {"name": "Senior Web Developer", "description": "Maintain corporate website", "city": "Sydney", "required_education": 4, "contact_person": 2, "pay_type": "Y", "pay": "80000.00", "equiv_annual_salary": "80000", "date_posted": "2018-10-16", "state": "L", "hired_person": null}}, {"model": "backend.jobpost", "pk": 9, "fields": {"name": "Game Developer", "description": "Write games", "city": "Sydney", "required_education": 5, "contact_person": 2, "pay_type": "Y", "pay": "150000.00", "equiv_annual_salary": "150000", "date_posted": "2018-10-16", "state": "L", "hired_person": null}}, {"model": "backend.jobpost", "pk": 10, "fields": {"name": "C Developer", "description": "Maintain legacy accounting system", "city": "Gosford", "required_education": 3, "contact_person": 6, "pay_type": "Y", "pay": "100000.00", "equiv_annual_salary": "100000", "date_posted": "2018-10-17", "state": "L", "hired_person": null}}, {"model": "backend.jobskill", "pk": 1, "fields": {"job": 2, "skill": 61, "priority": 5, "proficiency": 3, "months_experience": 0}}, {"model": "backend.jobskill", "pk": 2, "fields": {"job": 2, "skill": 65, "priority": 5, "proficiency": 5, "months_experience": 0}}, {"model": "backend.jobskill", "pk": 3, "fields": {"job": 6, "skill": 66, "priority": 5, "proficiency": 4, "months_experience": 24}}, {"model": "backend.jobskill", "pk": 4, "fields": {"job": 6, "skill": 68, "priority": 3, "proficiency": 4, "months_experience": 24}}, {"model": "backend.jobskill", "pk": 5, "fields": {"job": 6, "skill": 63, "priority": 5, "proficiency": 4, "months_experience": 60}}, {"model": "backend.jobskill", "pk": 6, "fields": {"job": 5, "skill": 33, "priority": 5, "proficiency": 4, "months_experience": 0}}, {"model": "backend.jobskill", "pk": 7, "fields": {"job": 5, "skill": 63, "priority": 5, "proficiency": 3, "months_experience": 0}}, {"model": "backend.jobskill", "pk": 8, "fields": {"job": 7, "skill": 63, "priority": 3, "proficiency": 3, "months_experience": 0}}, {"model": "backend.jobskill", "pk": 9, "fields": {"job": 7, "skill": 60, "priority": 3, "proficiency": 3, "months_experience": 0}}, {"model": "backend.jobskill", "pk": 10, "fields": {"job": 7, "skill": 66, "priority": 5, "proficiency": 5, "months_experience": 0}}, {"model": "backend.jobskill", "pk": 11, "fields": {"job": 3, "skill": 61, "priority": 5, "proficiency": 3, "months_experience": 0}}, {"model": "backend.jobskill", "pk": 12, "fields": {"job": 3, "skill": 65, "priority": 5, "proficiency": 4, "months_experience": 0}}, {"model": "backend.jobskill", "pk": 13, "fields": {"job": 9, "skill": 65, "priority": 5, "proficiency": 4, "months_experience": 0}}, {"model": "backend.jobskill", "pk": 14, "fields": {"job": 4, "skill": 61, "priority": 5, "proficiency": 3, "months_experience": 24}}, {"model": "backend.jobskill", "pk": 15, "fields": {"job": 4, "skill": 62, "priority": 2, "proficiency": 3, "months_experience": 24}}, {"model": "backend.jobskill", "pk": 16, "fields": {"job": 4, "skill": 66, "priority": 5, "proficiency": 4, "months_experience": 60}}, {"model": "backend.jobskill", "pk": 17, "fields": {"job": 4, "skill": 63, "priority": 3, "proficiency": 3, "months_experience": 12}}, {"model": "backend.jobskill", "pk": 18, "fields": {"job": 8, "skill": 59, "priority": 5, "proficiency": 4, "months_experience": 0}}, {"model": "backend.jobskill", "pk": 19, "fields": {"job": 8, "skill": 66, "priority": 5, "proficiency": 4, "months_experience": 0}}, {"model": "backend.jobskill", "pk": 20, "fields": {"job": 8, "skill": 61, "priority": 5, "proficiency": 3, "months_experience": 0}}, {"model": "backend.jobskill", "pk": 21, "fields": {"job": 1, "skill": 67, "priority": 5, "proficiency": 5, "months_experience": 0}}, {"model": "backend.jobskill", "pk": 22, "fields": {"job": 1, "skill": 63, "priority": 4, "proficiency": 2, "months_experience": 0}}, {"model": "backend.jobskill", "pk": 23, "fields": {"job": 1, "skill": 61, "priority": 5, "proficiency": 4, "months_experience": 0}}, {"model": "backend.jobskill", "pk": 24, "fields": {"job": 1, "skill": 66, "priority": 3, "proficiency": 3, "months_experience": 0}}, {"model": "backend.jobskill", "pk": 25, "fields": {"job": 10, "skill": 64, "priority": 5, "proficiency": 5, "months_experience": 0}}, {"model": "backend.jobskill", "pk": 26, "fields": {"job": 10, "skill": 62, "priority": 5, "proficiency": 3, "months_experience": 0}}, {"model": "backend.jobmatch", "pk": 1, "fields": {"job": 2, "candidate": 1, "created_by": null, "score": 40, "state": "N"}}, {"model": "backend.jobmatch", "pk": 10, "fields": {"job": 9, "candidate": 1, "created_by": null, "score": 25, "state": "N"}}, {"model": "backend.jobmatch", "pk": 11, "fields": {"job": 3, "candidate": 1, "created_by": null, "score": 40, "state": "N"}}, {"model": "backend.jobmatch", "pk": 12, "fields": {"job": 9, "candidate": 13, "created_by": null, "score": 25, "state": "N"}}, {"model": "backend.jobmatch", "pk": 13, "fields": {"job": 3, "candidate": 13, "created_by": null, "score": 45, "state": "N"}}, {"model": "backend.jobmatch", "pk": 14, "fields": {"job": 4, "candidate": 11, "created_by": null, "score": 52, "state": "N"}}, {"model": "backend.jobmatch", "pk": 15, "fields": {"job": 2, "candidate": 13, "created_by": null, "score": 45, "state": "N"}}, {"model": "backend.jobmatch", "pk": 16, "fields": {"job": 1, "candidate": 13, "created_by": null, "score": 57, "state": "N"}}, {"model": "backend.jobmatch", "pk": 17, "fields": {"job": 5, "candidate": 13, "created_by": null, "score": 40, "state": "N"}}, {"model": "backend.jobmatch", "pk": 18, "fields": {"job": 10, "candidate": 9, "created_by": 9, "score": 50, "state": "EI"}}, {"model": "backend.jobmatch", "pk": 19, "fields": {"job": 6, "candidate": 9, "created_by": null, "score": 62, "state": "N"}}, {"model": "backend.jobmatch", "pk": 20, "fields": {"job": 6, "candidate": 8, "created_by": null, "score": 49, "state": "N"}}, {"model": "backend.jobmatch", "pk": 21, "fields": {"job": 6, "candidate": 11, "created_by": null, "score": 45, "state": "N"}}, {"model": "backend.jobmatch", "pk": 22, "fields": {"job": 7, "candidate": 4, "created_by": null, "score": 43, "state": "N"}}, {"model": "backend.jobmatch", "pk": 23, "fields": {"job": 7, "candidate": 9, "created_by": null, "score": 40, "state": "N"}}, {"model": "backend.jobmatch", "pk": 24, "fields": {"job": 7, "candidate": 11, "created_by": null, "score": 37, "state": "N"}}, {"model": "backend.jobmatch", "pk": 25, "fields": {"job": 7, "candidate": 5, "created_by": null, "score": 37, "state": "N"}}, {"model": "backend.favouritesjobs", "pk": 3, "fields": {"job": 3, "SSUser": 3}}, {"model": "backend.favouritesjobs", "pk": 22, "fields": {"job": 1, "SSUser": 3}}, {"model": "backend.favouritesjobs", "pk": 24, "fields": {"job": 2, "SSUser": 3}}, {"model": "backend.favouritesjobs", "pk": 25, "fields": {"job": 3, "SSUser": 10}}, {"model": "backend.favouritesjobs", "pk": 26, "fields": {"job": 2, "SSUser": 10}}, {"model": "backend.favouritesjobs", "pk": 27, "fields": {"job": 1, "SSUser": 10}}, {"model": "backend.favouritesjobs", "pk": 32, "fields": {"job": 5, "SSUser": 10}}, {"model": "backend.favouritesjobs", "pk": 33, "fields": {"job": 5, "SSUser": 3}}, {"model": "backend.favouritesjobs", "pk": 34, "fields": {"job": 4, "SSUser": 10}}, {"model": "account.emailaddress", "pk": 1, "fields": {"user": 1, "email": "m.monroe@example.com", "verified": false, "primary": true}}, {"model": "account.emailaddress", "pk": 2, "fields": {"user": 2, "email": "m.smart@example.com", "verified": false, "primary": true}}, {"model": "account.emailaddress", "pk": 3, "fields": {"user": 3, "email": "e.idle@example.com", "verified": false, "primary": true}}, {"model": "account.emailaddress", "pk": 4, "fields": {"user": 4, "email": "j.dean@example.com", "verified": false, "primary": true}}, {"model": "account.emailaddress", "pk": 5, "fields": {"user": 5, "email": "b.fawlty@example.com", "verified": false, "primary": true}}, {"model": "account.emailaddress", "pk": 6, "fields": {"user": 6, "email": "n.kelly@example.com", "verified": false, "primary": true}}, {"model": "account.emailaddress", "pk": 7, "fields": {"user": 7, "email": "j.nerd@example.com", "verified": false, "primary": true}}, {"model": "account.emailaddress", "pk": 8, "fields": {"user": 8, "email": "e.knerd@example.com", "verified": false, "primary": true}}, {"model": "account.emailaddress", "pk": 9, "fields": {"user": 9, "email": "j.bond@example.com", "verified": false, "primary": true}}, {"model": "account.emailaddress", "pk": 10, "fields": {"user": 10, "email": "j.smith@example.com", "verified": false, "primary": true}}, {"model": "account.emailaddress", "pk": 11, "fields": {"user": 11, "email": "m.jones@example.com", "verified": false, "primary": true}}, {"model": "account.emailaddress", "pk": 12, "fields": {"user": 12, "email": "m.kelly@example.com", "verified": false, "primary": true}}, {"model": "account.emailaddress", "pk": 13, "fields": {"user": 13, "email": "s.jones@example.com", "verified": false, "primary": true}}]